fil,key,de-DE,R,en-US,R,da-DK,R,fi-FI,R,sv-SE,R,fr-FR,R,it-IT,R,ru-RU,R,uz-UZ,R
#80307,server.config.group.system.plugin_fylr_example.title,FYLR Example,FALSE,FYLR Example,FALSE,FYLR Example,FALSE,FYLR Example,FALSE,FYLR Example,FALSE,FYLR Example,FALSE,FYLR Example,FALSE,FYLR Example,FALSE,FYLR Example,FALSE
#80307,server.config.name.system.plugin_fylr_example_comment,Das ist das FYLR Example Plugin,FALSE,This is the FYLR example plugin,FALSE,This is the FYLR example plugin,TRUE,This is the FYLR example plugin,TRUE,This is the FYLR example plugin,TRUE,This is the FYLR example plugin,TRUE,This is the FYLR example plugin,TRUE,This is the FYLR example plugin,TRUE,This is the FYLR example plugin,TRUE
#80307,server.config.parameter.system.plugin_fylr_example_comment.value.label,set_comment.js _comment,FALSE,set_comment.js _comment,FALSE,set_comment.js _comment,FALSE,set_comment.js _comment,FALSE,set_comment.js _comment,FALSE,set_comment.js _comment,FALSE,set_comment.js _comment,FALSE,set_comment.js _comment,FALSE,set_comment.js _comment,FALSE
#80307,fylr.example.custom.data.type.name,FYLR example custom data type,FALSE,FYLR example custom data type,FALSE,FYLR example custom data type,FALSE,FYLR example custom data type,FALSE,FYLR example custom data type,FALSE,FYLR example custom data type,FALSE,FYLR example custom data type,FALSE,FYLR example custom data type,FALSE,FYLR example custom data type,FALSE
#80307,server.config.name.system.comment,Kommentar,FALSE,Comment,FALSE,Comment,TRUE,Comment,TRUE,Comment,TRUE,Comment,TRUE,Comment,TRUE,Comment,TRUE,Comment,TRUE
#80307,server.config.parameter.system.comment.value.label,-,FALSE,-,FALSE,-,FALSE,-,FALSE,-,FALSE,-,FALSE,-,FALSE,-,FALSE,-,FALSE
#80307,server.config.name.system.custom,Eigene Daten,FALSE,Custom data,FALSE,Custom data,TRUE,Custom data,TRUE,Custom data,TRUE,Custom data,TRUE,Custom data,TRUE,Custom data,TRUE,Custom data,TRUE
#80307,server.config.parameter.system.custom.data.label,-,FALSE,-,FALSE,-,FALSE,-,FALSE,-,FALSE,-,FALSE,-,FALSE,-,FALSE,-,FALSE
#80307,server.config.parameter.system.custom.on_off.label,-,FALSE,-,FALSE,-,FALSE,-,FALSE,-,FALSE,-,FALSE,-,FALSE,-,FALSE,-,FALSE
#80307,server.config.parameter.system.custom.on_off.checkbox,Checkbox,FALSE,Checkbox,FALSE,Checkbox,FALSE,Checkbox,FALSE,Checkbox,FALSE,Checkbox,FALSE,Checkbox,FALSE,Checkbox,FALSE,Checkbox,FALSE
#80307,server.config.parameter.system.user.api_user.label,Benutzer auswählen,FALSE,Select User,FALSE,Select User,TRUE,Select User,TRUE,Select User,TRUE,Select User,TRUE,Select User,TRUE,Select User,TRUE,Select User,TRUE
#80307,server.config.name.system.booleans,Booleans Werte mit Voreinstellung,FALSE,Booleans with defaults,FALSE,Booleans with defaults,TRUE,Booleans with defaults,TRUE,Booleans with defaults,TRUE,Booleans with defaults,TRUE,Booleans with defaults,TRUE,Booleans with defaults,TRUE,Booleans with defaults,TRUE
#80307,server.config.parameter.system.booleans.default_true.checkbox,Boolean (Voreinstellung: ausgewählt),FALSE,Boolean (default: true),FALSE,Boolean (default: true),TRUE,Boolean (default: true),TRUE,Boolean (default: true),TRUE,Boolean (default: true),TRUE,Boolean (default: true),TRUE,Boolean (default: true),TRUE,Boolean (default: true),TRUE
#80307,server.config.parameter.system.booleans.default_true.label,Checkbox,FALSE,Checkbox,FALSE,Checkbox,FALSE,Checkbox,FALSE,Checkbox,FALSE,Checkbox,FALSE,Checkbox,FALSE,Checkbox,FALSE,Checkbox,FALSE
#80307,server.right.system.plugin.fylr_example.example_right,FYLR Example Plugin: Mögliche Werte um Rechte an Plugins zu steuern,FALSE,FYLR Example Plugin: Possible values for rights on plugins,FALSE,FYLR Example Plugin: Possible values for rights on plugins,TRUE,FYLR Example Plugin: Possible values for rights on plugins,TRUE,FYLR Example Plugin: Possible values for rights on plugins,TRUE,FYLR Example Plugin: Possible values for rights on plugins,TRUE,FYLR Example Plugin: Possible values for rights on plugins,TRUE,FYLR Example Plugin: Possible values for rights on plugins,TRUE,FYLR Example Plugin: Possible values for rights on plugins,TRUE
#80307,server.right.system.plugin.fylr_example.example_right.parm.bool,Ja/Nein (Boolescher Wert),FALSE,Yes/No (Boolean),FALSE,Yes/No (Boolean),TRUE,Yes/No (Boolean),TRUE,Yes/No (Boolean),TRUE,Yes/No (Boolean),TRUE,Yes/No (Boolean),TRUE,Yes/No (Boolean),TRUE,Yes/No (Boolean),TRUE
#80307,server.right.system.plugin.fylr_example.example_right.parm.int,Zahlenfeld,FALSE,Number,FALSE,Number,TRUE,Number,TRUE,Number,TRUE,Number,TRUE,Number,TRUE,Number,TRUE,Number,TRUE
#80307,server.right.system.plugin.fylr_example.example_right.parm.text,Einzeiliger Text,FALSE,Oneline Text,FALSE,Oneline Text,TRUE,Oneline Text,TRUE,Oneline Text,TRUE,Oneline Text,TRUE,Oneline Text,TRUE,Oneline Text,TRUE,Oneline Text,TRUE
#80307,server.right.system.plugin.fylr_example.example_right.parm.string-list,Beliebige Auswahl aus Liste von Strings,FALSE,Select one or more from a list of strings,FALSE,Select one or more from a list of strings,TRUE,Select one or more from a list of strings,TRUE,Select one or more from a list of strings,TRUE,Select one or more from a list of strings,TRUE,Select one or more from a list of strings,TRUE,Select one or more from a list of strings,TRUE,Select one or more from a list of strings,TRUE
#80307,server.right.system.plugin.fylr_example.example_right.parm.string-list.option.a,Option A,FALSE,Option A,FALSE,Option A,FALSE,Option A,FALSE,Option A,FALSE,Option A,FALSE,Option A,FALSE,Option A,FALSE,Option A,FALSE
#80307,server.right.system.plugin.fylr_example.example_right.parm.string-list.option.b,Option B,FALSE,Option B,FALSE,Option B,FALSE,Option B,FALSE,Option B,FALSE,Option B,FALSE,Option B,FALSE,Option B,FALSE,Option B,FALSE
#80307,server.right.system.plugin.fylr_example.example_right.parm.string-list.option.c,Option C,FALSE,Option C,FALSE,Option C,FALSE,Option C,FALSE,Option C,FALSE,Option C,FALSE,Option C,FALSE,Option C,FALSE,Option C,FALSE
#80307,server.right.system.plugin.fylr_example.example_right.parm.string-list-one,Auswahl aus Liste von Strings (exakt eine Auswahl),FALSE,Select one from a list of strings (select exactly one),FALSE,Select one from a list of strings (select exactly one),TRUE,Select one from a list of strings (select exactly one),TRUE,Select one from a list of strings (select exactly one),TRUE,Select one from a list of strings (select exactly one),TRUE,Select one from a list of strings (select exactly one),TRUE,Select one from a list of strings (select exactly one),TRUE,Select one from a list of strings (select exactly one),TRUE
#80307,server.right.system.plugin.fylr_example.example_right.parm.string-list-one.option.a,Option A,FALSE,Option A,FALSE,Option A,FALSE,Option A,FALSE,Option A,FALSE,Option A,FALSE,Option A,FALSE,Option A,FALSE,Option A,FALSE
#80307,server.right.system.plugin.fylr_example.example_right.parm.string-list-one.option.b,Option B,FALSE,Option B,FALSE,Option B,FALSE,Option B,FALSE,Option B,FALSE,Option B,FALSE,Option B,FALSE,Option B,FALSE,Option B,FALSE
#80307,server.right.system.plugin.fylr_example.example_right.parm.string-list-one.option.c,Option C,FALSE,Option C,FALSE,Option C,FALSE,Option C,FALSE,Option C,FALSE,Option C,FALSE,Option C,FALSE,Option C,FALSE,Option C,FALSE
#80307,server.right.system.plugin.fylr_example.example_right.parm.string-list-one-or-zero,Auswahl aus Liste von Strings (oder keine Auswahl),FALSE,Select one from a list of strings (or no selection),FALSE,Select one from a list of strings (or no selection),TRUE,Select one from a list of strings (or no selection),TRUE,Select one from a list of strings (or no selection),TRUE,Select one from a list of strings (or no selection),TRUE,Select one from a list of strings (or no selection),TRUE,Select one from a list of strings (or no selection),TRUE,Select one from a list of strings (or no selection),TRUE
#80307,server.right.system.plugin.fylr_example.example_right.parm.string-list-one-or-zero.option.a,Option A,FALSE,Option A,FALSE,Option A,FALSE,Option A,FALSE,Option A,FALSE,Option A,FALSE,Option A,FALSE,Option A,FALSE,Option A,FALSE
#80307,server.right.system.plugin.fylr_example.example_right.parm.string-list-one-or-zero.option.b,Option B,FALSE,Option B,FALSE,Option B,FALSE,Option B,FALSE,Option B,FALSE,Option B,FALSE,Option B,FALSE,Option B,FALSE,Option B,FALSE
#80307,server.right.system.plugin.fylr_example.example_right.parm.string-list-one-or-zero.option.c,Option C,FALSE,Option C,FALSE,Option C,FALSE,Option C,FALSE,Option C,FALSE,Option C,FALSE,Option C,FALSE,Option C,FALSE,Option C,FALSE
#80307,server.right.system.plugin.fylr_example.example_right.parm.eas-column-select,Asset-Feld,FALSE,Asset Field,FALSE,Asset Field,TRUE,Asset Field,TRUE,Asset Field,TRUE,Asset Field,TRUE,Asset Field,TRUE,Asset Field,TRUE,Asset Field,TRUE
#80307,example.detail.sidebar.plugin.render_object|icon,fa-cubes,FALSE,fa-cubes,FALSE,fa-cubes,FALSE,fa-cubes,FALSE,fa-cubes,FALSE,fa-cubes,FALSE,fa-cubes,FALSE,fa-cubes,FALSE,fa-cubes,FALSE
#80307,example.detail.sidebar.plugin.render_object|hint,Example Plugin: Objekt rendern,FALSE,Example Plugin: render object,FALSE,Example Plugin: render object,TRUE,Example Plugin: render object,TRUE,Example Plugin: render object,TRUE,Example Plugin: render object,TRUE,Example Plugin: render object,TRUE,Example Plugin: render object,TRUE,Example Plugin: render object,TRUE
#80307,fylr_example.check.not_allowed,"""henk was here"" ist nicht erlaubt",FALSE,"""henk was here"" is not allowed",FALSE,"""henk was here"" is not allowed",TRUE,"""henk was here"" is not allowed",TRUE,"""henk was here"" is not allowed",TRUE,"""henk was here"" is not allowed",TRUE,"""henk was here"" is not allowed",TRUE,"""henk was here"" is not allowed",TRUE,"""henk was here"" is not allowed",TRUE